operation,architecture,cachePolicy,coldOrHot,fileId,userId,hit,cacheLevel,latency,distance,nodeId,chunkCount,fileSize,speed,replicaCount,verificationPassed,createdAt
"upload","cached","lruk","cold","6a26dc36826c803753296ce7","69cfffee616f420dbf6f354c","false","STORAGE","351","0","","3","210944","600980.056980057","3","true","Mon Jun 08 2026 20:43:58 GMT+0530 (India Standard Time)"
"upload","cached","lruk","cold","6a26dc37826c803753296d3d","69cfffee616f420dbf6f354c","false","STORAGE","1465","0","","14","1035264","706664.8464163822","3","true","Mon Jun 08 2026 20:43:59 GMT+0530 (India Standard Time)"
"upload","cached","lruk","cold","6a26dc38826c803753296db3","69cfffee616f420dbf6f354c","false","STORAGE","1133","0","","12","874496","771841.1297440424","3","true","Mon Jun 08 2026 20:44:00 GMT+0530 (India Standard Time)"
"upload","cached","lruk","cold","6a26dc39826c803753296e0a","69cfffee616f420dbf6f354c","false","STORAGE","1215","0","","12","782336","643897.9423868313","3","true","Mon Jun 08 2026 20:44:01 GMT+0530 (India Standard Time)"
"upload","cached","lruk","cold","6a26dc3a826c803753296e4d","69cfffee616f420dbf6f354c","false","STORAGE","686","0","","7","507904","740384.8396501457","3","true","Mon Jun 08 2026 20:44:02 GMT+0530 (India Standard Time)"
"upload","cached","lruk","cold","6a26dc3b826c803753296f01","69cfffee616f420dbf6f354c","false","STORAGE","551","0","","5","318464","577974.5916515426","3","true","Mon Jun 08 2026 20:44:03 GMT+0530 (India Standard Time)"
"upload","cached","lruk","cold","6a26dc3c826c803753296f45","69cfffee616f420dbf6f354c","false","STORAGE","784","0","","9","604160","770612.2448979592","3","true","Mon Jun 08 2026 20:44:04 GMT+0530 (India Standard Time)"
"upload","cached","lruk","cold","6a26dc3c826c803753296f7d","69cfffee616f420dbf6f354c","false","STORAGE","479","0","","5","352256","735398.7473903967","3","true","Mon Jun 08 2026 20:44:04 GMT+0530 (India Standard Time)"
"upload","cached","lruk","cold","6a26dc3d826c80375329701a","69cfffee616f420dbf6f354c","false","STORAGE","966","0","","10","716800","742028.9855072465","3","true","Mon Jun 08 2026 20:44:05 GMT+0530 (India Standard Time)"
"upload","cached","lruk","cold","6a26dc3e826c803753297067","69cfffee616f420dbf6f354c","false","STORAGE","963","0","","10","729088","757100.7268951194","3","true","Mon Jun 08 2026 20:44:06 GMT+0530 (India Standard Time)"
"upload","cached","lruk","cold","6a26dc3f826c8037532970a8","69cfffee616f420dbf6f354c","false","STORAGE","676","0","","7","509952","754366.8639053254","3","true","Mon Jun 08 2026 20:44:07 GMT+0530 (India Standard Time)"
"upload","cached","lruk","cold","6a26dc3f826c8037532970d2","69cfffee616f420dbf6f354c","false","STORAGE","223","0","","2","133120","596950.6726457399","3","true","Mon Jun 08 2026 20:44:07 GMT+0530 (India Standard Time)"
"upload","cached","lruk","cold","6a26dc40826c803753297203","69cfffee616f420dbf6f354c","false","STORAGE","1094","0","","10","693248","633681.9012797074","3","true","Mon Jun 08 2026 20:44:08 GMT+0530 (India Standard Time)"
"upload","cached","lruk","cold","6a26dc41826c80375329725c","69cfffee616f420dbf6f354c","false","STORAGE","1345","0","","13","864256","642569.5167286246","3","true","Mon Jun 08 2026 20:44:09 GMT+0530 (India Standard Time)"
"upload","cached","lruk","cold","6a26dc42826c80375329732f","69cfffee616f420dbf6f354c","false","STORAGE","665","0","","7","534528","803801.5037593985","3","true","Mon Jun 08 2026 20:44:10 GMT+0530 (India Standard Time)"
"upload","cached","lruk","cold","6a26dc43826c803753297381","69cfffee616f420dbf6f354c","false","STORAGE","1131","0","","12","876544","775016.7992926614","3","true","Mon Jun 08 2026 20:44:11 GMT+0530 (India Standard Time)"
"upload","cached","lruk","cold","6a26dc44826c8037532973d8","69cfffee616f420dbf6f354c","false","STORAGE","1123","0","","12","885760","788744.4345503116","3","true","Mon Jun 08 2026 20:44:12 GMT+0530 (India Standard Time)"
"upload","cached","lruk","cold","6a26dc46826c803753297591","69cfffee616f420dbf6f354c","false","STORAGE","1174","0","","12","875520","745758.0919931857","3","true","Mon Jun 08 2026 20:44:14 GMT+0530 (India Standard Time)"
"upload","cached","lruk","cold","6a26dc46826c8037532975cc","69cfffee616f420dbf6f354c","false","STORAGE","518","0","","5","363520","701776.0617760618","3","true","Mon Jun 08 2026 20:44:14 GMT+0530 (India Standard Time)"
"upload","cached","lruk","cold","6a26dc46826c8037532975f8","69cfffee616f420dbf6f354c","false","STORAGE","334","0","","3","174080","521197.6047904191","3","true","Mon Jun 08 2026 20:44:14 GMT+0530 (India Standard Time)"
"upload","cached","lruk","cold","6a26dc47826c8037532976f6","69cfffee616f420dbf6f354c","false","STORAGE","547","0","","6","416768","761915.9049360146","3","true","Mon Jun 08 2026 20:44:15 GMT+0530 (India Standard Time)"
"upload","cached","lruk","cold","6a26dc48826c80375329773b","69cfffee616f420dbf6f354c","false","STORAGE","896","0","","9","664576","741714.2857142857","3","true","Mon Jun 08 2026 20:44:16 GMT+0530 (India Standard Time)"
"upload","cached","lruk","cold","6a26dc49826c803753297793","69cfffee616f420dbf6f354c","false","STORAGE","1400","0","","13","941056","672182.8571428572","3","true","Mon Jun 08 2026 20:44:17 GMT+0530 (India Standard Time)"
"upload","cached","lruk","cold","6a26dc4a826c80375329799d","69cfffee616f420dbf6f354c","false","STORAGE","485","0","","5","319488","658738.1443298969","3","true","Mon Jun 08 2026 20:44:18 GMT+0530 (India Standard Time)"
"upload","cached","lruk","cold","6a26dc4b826c8037532979f1","69cfffee616f420dbf6f354c","false","STORAGE","1014","0","","13","1004544","990674.5562130178","3","true","Mon Jun 08 2026 20:44:19 GMT+0530 (India Standard Time)"
"upload","cached","lruk","cold","6a26dc4c826c803753297a39","69cfffee616f420dbf6f354c","false","STORAGE","666","0","","8","591872","888696.6966966967","3","true","Mon Jun 08 2026 20:44:20 GMT+0530 (India Standard Time)"
"upload","cached","lruk","cold","6a26dc4c826c803753297b80","69cfffee616f420dbf6f354c","false","STORAGE","794","0","","8","556032","700292.1914357683","3","true","Mon Jun 08 2026 20:44:20 GMT+0530 (India Standard Time)"
"upload","cached","lruk","cold","6a26dc4e826c803753297bd3","69cfffee616f420dbf6f354c","false","STORAGE","1137","0","","12","875520","770026.3852242744","3","true","Mon Jun 08 2026 20:44:22 GMT+0530 (India Standard Time)"
"upload","cached","lruk","cold","6a26dc4e826c803753297c16","69cfffee616f420dbf6f354c","false","STORAGE","671","0","","7","479232","714205.6631892697","3","true","Mon Jun 08 2026 20:44:22 GMT+0530 (India Standard Time)"
"upload","cached","lruk","cold","6a26dc4f826c803753297c4c","69cfffee616f420dbf6f354c","false","STORAGE","258","0","","5","389120","1508217.054263566","3","true","Mon Jun 08 2026 20:44:23 GMT+0530 (India Standard Time)"
"upload","cached","lruk","cold","6a26dc4f826c803753297ed4","69cfffee616f420dbf6f354c","false","STORAGE","362","0","","6","417792","1154121.546961326","3","true","Mon Jun 08 2026 20:44:23 GMT+0530 (India Standard Time)"
"upload","cached","lruk","cold","6a26dc50826c803753297f0d","69cfffee616f420dbf6f354c","false","STORAGE","653","0","","6","419840","642940.2756508422","3","true","Mon Jun 08 2026 20:44:24 GMT+0530 (India Standard Time)"
"upload","cached","lruk","cold","6a26dc50826c803753297f4e","69cfffee616f420dbf6f354c","false","STORAGE","726","0","","8","520192","716517.9063360882","3","true","Mon Jun 08 2026 20:44:24 GMT+0530 (India Standard Time)"
"upload","cached","lruk","cold","6a26dc52826c8037532980ec","69cfffee616f420dbf6f354c","false","STORAGE","1582","0","","15","1040384","657638.432364096","3","true","Mon Jun 08 2026 20:44:26 GMT+0530 (India Standard Time)"
"upload","cached","lruk","cold","6a26dc52826c803753298126","69cfffee616f420dbf6f354c","false","STORAGE","330","0","","4","276480","837818.1818181818","3","true","Mon Jun 08 2026 20:44:26 GMT+0530 (India Standard Time)"
"upload","cached","lruk","cold","6a26dc53826c803753298159","69cfffee616f420dbf6f354c","false","STORAGE","433","0","","5","343040","792240.1847575058","3","true","Mon Jun 08 2026 20:44:27 GMT+0530 (India Standard Time)"
"upload","cached","lruk","cold","6a26dc54826c803753298199","69cfffee616f420dbf6f354c","false","STORAGE","684","0","","8","656384","959625.730994152","3","true","Mon Jun 08 2026 20:44:28 GMT+0530 (India Standard Time)"
"upload","cached","lruk","cold","6a26dc54826c803753298496","69cfffee616f420dbf6f354c","false","STORAGE","431","0","","5","318464","738895.5916473318","3","true","Mon Jun 08 2026 20:44:28 GMT+0530 (India Standard Time)"
"upload","cached","lruk","cold","6a26dc55826c8037532984da","69cfffee616f420dbf6f354c","false","STORAGE","876","0","","9","605184","690849.3150684931","3","true","Mon Jun 08 2026 20:44:29 GMT+0530 (India Standard Time)"
"upload","cached","lruk","cold","6a26dc56826c803753298536","69cfffee616f420dbf6f354c","false","STORAGE","1324","0","","14","1014784","766453.172205438","3","true","Mon Jun 08 2026 20:44:30 GMT+0530 (India Standard Time)"
"upload","cached","lruk","cold","6a26dc57826c803753298719","69cfffee616f420dbf6f354c","false","STORAGE","899","0","","14","1025024","1140182.424916574","3","true","Mon Jun 08 2026 20:44:31 GMT+0530 (India Standard Time)"
"upload","cached","lruk","cold","6a26dc58826c80375329875a","69cfffee616f420dbf6f354c","false","STORAGE","465","0","","6","379904","816997.8494623655","3","true","Mon Jun 08 2026 20:44:32 GMT+0530 (India Standard Time)"
"upload","cached","lruk","cold","6a26dc58826c80375329878f","69cfffee616f420dbf6f354c","false","STORAGE","546","0","","5","308224","564512.8205128205","3","true","Mon Jun 08 2026 20:44:32 GMT+0530 (India Standard Time)"
"upload","cached","lruk","cold","6a26dc59826c8037532987c3","69cfffee616f420dbf6f354c","false","STORAGE","357","0","","5","307200","860504.2016806724","3","true","Mon Jun 08 2026 20:44:33 GMT+0530 (India Standard Time)"
"upload","cached","lruk","cold","6a26dc59826c803753298b4b","69cfffee616f420dbf6f354c","false","STORAGE","790","0","","8","531456","672729.1139240506","3","true","Mon Jun 08 2026 20:44:33 GMT+0530 (India Standard Time)"
"upload","cached","lruk","cold","6a26dc5b826c803753298b9e","69cfffee616f420dbf6f354c","false","STORAGE","1101","0","","12","832512","756141.689373297","3","true","Mon Jun 08 2026 20:44:35 GMT+0530 (India Standard Time)"
"upload","cached","lruk","cold","6a26dc5b826c803753298be1","69cfffee616f420dbf6f354c","false","STORAGE","592","0","","7","491520","830270.2702702703","3","true","Mon Jun 08 2026 20:44:35 GMT+0530 (India Standard Time)"
"upload","cached","lruk","cold","6a26dc5c826c803753298dd9","69cfffee616f420dbf6f354c","false","STORAGE","529","0","","5","333824","631047.258979206","3","true","Mon Jun 08 2026 20:44:36 GMT+0530 (India Standard Time)"
"upload","cached","lruk","cold","6a26dc5c826c803753298e09","69cfffee616f420dbf6f354c","false","STORAGE","351","0","","4","210944","600980.056980057","3","true","Mon Jun 08 2026 20:44:36 GMT+0530 (India Standard Time)"
"upload","cached","lruk","cold","6a26dc5d826c803753298e60","69cfffee616f420dbf6f354c","false","STORAGE","1175","0","","14","1033216","879332.7659574468","3","true","Mon Jun 08 2026 20:44:37 GMT+0530 (India Standard Time)"
"download","cached","lru-k","cold","6a26dc52826c8037532980ec","69cfffee616f420dbf6f354c","false","STORAGE","137.73333333333332","0","ORBIT-5","15","1040384","498506.94777192135","3","true","Mon Jun 08 2026 20:44:39 GMT+0530 (India Standard Time)"
"download","cached","lru-k","cold","6a26dc38826c803753296db3","69cfffee616f420dbf6f354c","false","STORAGE","138.58333333333334","0","ORBIT-5","12","874496","519914.38763376937","3","true","Mon Jun 08 2026 20:44:41 GMT+0530 (India Standard Time)"
"download","cached","lru-k","cold","6a26dc3a826c803753296e4d","69cfffee616f420dbf6f354c","false","STORAGE","137.42857142857142","0","ORBIT-5","7","507904","519329.24335378327","3","true","Mon Jun 08 2026 20:44:42 GMT+0530 (India Standard Time)"
"download","cached","lru-k","hot","6a26dc3a826c803753296e4d","69cfffee616f420dbf6f354c","true","L1","139.28571428571428","0","ORBIT-5","7","507904","515638.57868020306","3","true","Mon Jun 08 2026 20:44:43 GMT+0530 (India Standard Time)"
"download","cached","lru-k","cold","6a26dc36826c803753296ce7","69cfffee616f420dbf6f354c","false","STORAGE","142.33333333333334","0","ORBIT-5","3","210944","464634.36123348016","3","true","Mon Jun 08 2026 20:44:44 GMT+0530 (India Standard Time)"
"download","cached","lru-k","cold","6a26dc3c826c803753296f45","69cfffee616f420dbf6f354c","false","STORAGE","143.55555555555554","0","ORBIT-5","9","604160","460839.054157132","3","true","Mon Jun 08 2026 20:44:45 GMT+0530 (India Standard Time)"
"download","cached","lru-k","cold","6a26dc5b826c803753298b9e","69cfffee616f420dbf6f354c","false","STORAGE","135.66666666666666","0","ORBIT-5","12","832512","504247.1229557844","3","true","Mon Jun 08 2026 20:44:47 GMT+0530 (India Standard Time)"
"download","cached","lru-k","cold","6a26dc50826c803753297f4e","69cfffee616f420dbf6f354c","false","STORAGE","140.25","0","ORBIT-5","8","520192","453919.72076788836","3","true","Mon Jun 08 2026 20:44:48 GMT+0530 (India Standard Time)"
"download","cached","lru-k","cold","6a26dc52826c803753298126","69cfffee616f420dbf6f354c","false","STORAGE","139","0","ORBIT-5","4","276480","484203.15236427326","3","true","Mon Jun 08 2026 20:44:48 GMT+0530 (India Standard Time)"
"download","cached","lru-k","cold","6a26dc4e826c803753297bd3","69cfffee616f420dbf6f354c","false","STORAGE","138.33333333333334","0","ORBIT-5","12","875520","521453.24597974983","3","true","Mon Jun 08 2026 20:44:50 GMT+0530 (India Standard Time)"
"download","cached","lru-k","cold","6a26dc54826c803753298199","69cfffee616f420dbf6f354c","false","STORAGE","137.125","0","ORBIT-5","8","656384","586580.8757819482","3","true","Mon Jun 08 2026 20:44:51 GMT+0530 (India Standard Time)"
"download","cached","lru-k","cold","6a26dc5d826c803753298e60","69cfffee616f420dbf6f354c","false","STORAGE","138.21428571428572","0","ORBIT-5","14","1033216","527959.1211037302","3","true","Mon Jun 08 2026 20:44:53 GMT+0530 (India Standard Time)"
"download","cached","lru-k","cold","6a26dc4b826c8037532979f1","69cfffee616f420dbf6f354c","false","STORAGE","138.76923076923077","0","ORBIT-5","13","1004544","551947.2527472527","3","true","Mon Jun 08 2026 20:44:55 GMT+0530 (India Standard Time)"
"download","cached","lru-k","cold","6a26dc4f826c803753297ed4","69cfffee616f420dbf6f354c","false","STORAGE","136","0","ORBIT-5","6","417792","502153.8461538462","3","true","Mon Jun 08 2026 20:44:56 GMT+0530 (India Standard Time)"
"download","cached","lru-k","cold","6a26dc43826c803753297381","69cfffee616f420dbf6f354c","false","STORAGE","137.08333333333334","0","ORBIT-5","12","876544","528675.5126658626","3","true","Mon Jun 08 2026 20:44:58 GMT+0530 (India Standard Time)"
"download","cached","lru-k","cold","6a26dc3d826c80375329701a","69cfffee616f420dbf6f354c","false","STORAGE","139.4","0","ORBIT-5","10","716800","507648.72521246463","3","true","Mon Jun 08 2026 20:44:59 GMT+0530 (India Standard Time)"
"download","cached","lru-k","cold","6a26dc4c826c803753297b80","69cfffee616f420dbf6f354c","false","STORAGE","137.75","0","ORBIT-5","8","556032","496900.80428954423","3","true","Mon Jun 08 2026 20:45:00 GMT+0530 (India Standard Time)"
"download","cached","lru-k","cold","6a26dc3b826c803753296f01","69cfffee616f420dbf6f354c","false","STORAGE","138.8","0","ORBIT-5","5","318464","445404.1958041958","3","true","Mon Jun 08 2026 20:45:01 GMT+0530 (India Standard Time)"
"download","cached","lru-k","cold","6a26dc4a826c80375329799d","69cfffee616f420dbf6f354c","false","STORAGE","134.4","0","ORBIT-5","5","319488","455111.1111111111","3","true","Mon Jun 08 2026 20:45:02 GMT+0530 (India Standard Time)"
"download","cached","lru-k","cold","6a26dc49826c803753297793","69cfffee616f420dbf6f354c","false","STORAGE","139.92307692307693","0","ORBIT-5","13","941056","511721.5878194671","3","true","Mon Jun 08 2026 20:45:04 GMT+0530 (India Standard Time)"
"download","cached","lru-k","cold","6a26dc5c826c803753298e09","69cfffee616f420dbf6f354c","false","STORAGE","138.25","0","ORBIT-5","4","210944","366859.13043478265","3","true","Mon Jun 08 2026 20:45:04 GMT+0530 (India Standard Time)"
"download","cached","lru-k","cold","6a26dc46826c8037532975f8","69cfffee616f420dbf6f354c","false","STORAGE","138.66666666666666","0","ORBIT-5","3","174080","405780.8857808858","3","true","Mon Jun 08 2026 20:45:05 GMT+0530 (India Standard Time)"
"download","cached","lru-k","cold","6a26dc59826c803753298b4b","69cfffee616f420dbf6f354c","false","STORAGE","139","0","ORBIT-5","8","531456","469899.2042440318","3","true","Mon Jun 08 2026 20:45:06 GMT+0530 (India Standard Time)"
"download","cached","lru-k","hot","6a26dc4a826c80375329799d","69cfffee616f420dbf6f354c","true","L1","134.2","0","ORBIT-5","5","319488","465725.94752186583","3","true","Mon Jun 08 2026 20:45:07 GMT+0530 (India Standard Time)"
"download","cached","lru-k","cold","6a26dc4c826c803753297a39","69cfffee616f420dbf6f354c","false","STORAGE","136.5","0","ORBIT-5","8","591872","532738.0738073807","3","true","Mon Jun 08 2026 20:45:08 GMT+0530 (India Standard Time)"
"download","cached","lru-k","cold","6a26dc3f826c8037532970d2","69cfffee616f420dbf6f354c","false","STORAGE","140","0","ORBIT-5","2","133120","440794.70198675495","3","true","Mon Jun 08 2026 20:45:08 GMT+0530 (India Standard Time)"
"download","cached","lru-k","cold","6a26dc46826c803753297591","69cfffee616f420dbf6f354c","false","STORAGE","141","0","ORBIT-5","12","875520","512000","3","true","Mon Jun 08 2026 20:45:10 GMT+0530 (India Standard Time)"
"download","cached","lru-k","cold","6a26dc59826c8037532987c3","69cfffee616f420dbf6f354c","false","STORAGE","141.2","0","ORBIT-5","5","307200","424896.265560166","3","true","Mon Jun 08 2026 20:45:10 GMT+0530 (India Standard Time)"
"download","cached","lru-k","cold","6a26dc50826c803753297f0d","69cfffee616f420dbf6f354c","false","STORAGE","142.66666666666666","0","ORBIT-5","6","419840","481467.8899082569","3","true","Mon Jun 08 2026 20:45:11 GMT+0530 (India Standard Time)"
"download","cached","lru-k","cold","6a26dc48826c80375329773b","69cfffee616f420dbf6f354c","false","STORAGE","139","0","ORBIT-5","9","664576","523700.5516154453","3","true","Mon Jun 08 2026 20:45:13 GMT+0530 (India Standard Time)"
"download","cached","lru-k","cold","6a26dc56826c803753298536","69cfffee616f420dbf6f354c","false","STORAGE","139.78571428571428","0","ORBIT-5","14","1014784","514335.52965027874","3","true","Mon Jun 08 2026 20:45:15 GMT+0530 (India Standard Time)"
"download","cached","lru-k","cold","6a26dc47826c8037532976f6","69cfffee616f420dbf6f354c","false","STORAGE","143.66666666666666","0","ORBIT-5","6","416768","473600","3","true","Mon Jun 08 2026 20:45:16 GMT+0530 (India Standard Time)"
"download","cached","lru-k","hot","6a26dc47826c8037532976f6","69cfffee616f420dbf6f354c","true","L1","139.33333333333334","0","ORBIT-5","6","416768","491471.6981132076","3","true","Mon Jun 08 2026 20:45:16 GMT+0530 (India Standard Time)"
"download","cached","lru-k","cold","6a26dc46826c8037532975cc","69cfffee616f420dbf6f354c","false","STORAGE","132.8","0","ORBIT-5","5","363520","534588.2352941176","3","true","Mon Jun 08 2026 20:45:17 GMT+0530 (India Standard Time)"
"download","cached","lru-k","hot","6a26dc46826c803753297591","69cfffee616f420dbf6f354c","true","L1","139.66666666666666","0","ORBIT-5","12","875520","514708.9947089947","3","true","Mon Jun 08 2026 20:45:19 GMT+0530 (India Standard Time)"
"download","cached","lru-k","hot","6a26dc49826c803753297793","69cfffee616f420dbf6f354c","true","L1","138.46153846153845","0","ORBIT-5","13","941056","517347.9934029687","3","true","Mon Jun 08 2026 20:45:21 GMT+0530 (India Standard Time)"
"download","cached","lru-k","hot","6a26dc59826c8037532987c3","69cfffee616f420dbf6f354c","true","L1","135.8","0","ORBIT-5","5","307200","444573.0824891462","3","true","Mon Jun 08 2026 20:45:21 GMT+0530 (India Standard Time)"
"download","cached","lru-k","hot","6a26dc3d826c80375329701a","69cfffee616f420dbf6f354c","true","L1","136.5","0","ORBIT-5","10","716800","519420.2898550725","3","true","Mon Jun 08 2026 20:45:23 GMT+0530 (India Standard Time)"
"download","cached","lru-k","cold","6a26dc53826c803753298159","69cfffee616f420dbf6f354c","false","STORAGE","135","0","ORBIT-5","5","343040","493582.7338129497","3","true","Mon Jun 08 2026 20:45:24 GMT+0530 (India Standard Time)"
"download","cached","lru-k","cold","6a26dc58826c80375329875a","69cfffee616f420dbf6f354c","false","STORAGE","135.66666666666666","0","ORBIT-5","6","379904","458821.2560386474","3","true","Mon Jun 08 2026 20:45:24 GMT+0530 (India Standard Time)"
"download","cached","lru-k","hot","6a26dc4c826c803753297a39","69cfffee616f420dbf6f354c","true","L1","140.5","0","ORBIT-5","8","591872","521014.0845070423","3","true","Mon Jun 08 2026 20:45:26 GMT+0530 (India Standard Time)"
"download","cached","lru-k","cold","6a26dc3c826c803753296f7d","69cfffee616f420dbf6f354c","false","STORAGE","138.4","0","ORBIT-5","5","352256","497536.7231638418","3","true","Mon Jun 08 2026 20:45:26 GMT+0530 (India Standard Time)"
"download","cached","lru-k","hot","6a26dc3f826c8037532970d2","69cfffee616f420dbf6f354c","true","L1","131","0","ORBIT-5","2","133120","455890.41095890413","3","true","Mon Jun 08 2026 20:45:27 GMT+0530 (India Standard Time)"
"download","cached","lru-k","hot","6a26dc52826c8037532980ec","69cfffee616f420dbf6f354c","true","L1","139.26666666666668","0","ORBIT-5","15","1040384","493775.03559563356","3","true","Mon Jun 08 2026 20:45:29 GMT+0530 (India Standard Time)"
"download","cached","lru-k","cold","6a26dc57826c803753298719","69cfffee616f420dbf6f354c","false","STORAGE","140.42857142857142","0","ORBIT-5","14","1025024","517166.4984863774","3","true","Mon Jun 08 2026 20:45:31 GMT+0530 (India Standard Time)"
"download","cached","lru-k","cold","6a26dc5b826c803753298be1","69cfffee616f420dbf6f354c","false","STORAGE","140.57142857142858","0","ORBIT-5","7","491520","489561.7529880478","3","true","Mon Jun 08 2026 20:45:32 GMT+0530 (India Standard Time)"
"download","cached","lru-k","cold","6a26dc4f826c803753297c4c","69cfffee616f420dbf6f354c","false","STORAGE","138.4","0","ORBIT-5","5","389120","550381.8953323904","3","true","Mon Jun 08 2026 20:45:33 GMT+0530 (India Standard Time)"
"download","cached","lru-k","hot","6a26dc53826c803753298159","69cfffee616f420dbf6f354c","true","L1","140.8","0","ORBIT-5","5","343040","478437.9358437936","3","true","Mon Jun 08 2026 20:45:33 GMT+0530 (India Standard Time)"
"download","cached","lru-k","hot","6a26dc3b826c803753296f01","69cfffee616f420dbf6f354c","true","L1","139.6","0","ORBIT-5","5","318464","446653.5764375877","3","true","Mon Jun 08 2026 20:45:34 GMT+0530 (India Standard Time)"
"download","cached","lru-k","cold","6a26dc44826c8037532973d8","69cfffee616f420dbf6f354c","false","STORAGE","137.91666666666666","0","ORBIT-5","12","885760","528181.2760882528","3","true","Mon Jun 08 2026 20:45:36 GMT+0530 (India Standard Time)"
"download","cached","lru-k","hot","6a26dc5b826c803753298be1","69cfffee616f420dbf6f354c","true","L1","137","0","ORBIT-5","7","491520","507768.59504132235","3","true","Mon Jun 08 2026 20:45:37 GMT+0530 (India Standard Time)"
"download","cached","lru-k","cold","6a26dc39826c803753296e0a","69cfffee616f420dbf6f354c","false","STORAGE","139.08333333333334","0","ORBIT-5","12","782336","462373.52245862887","3","true","Mon Jun 08 2026 20:45:38 GMT+0530 (India Standard Time)"
"download","cached","lru-k","cold","6a26dc4e826c803753297c16","69cfffee616f420dbf6f354c","false","STORAGE","142.71428571428572","0","ORBIT-5","7","479232","471221.23893805314","3","true","Mon Jun 08 2026 20:45:39 GMT+0530 (India Standard Time)"
"download","cached","lru-k","hot","6a26dc58826c80375329875a","69cfffee616f420dbf6f354c","true","L1","138.83333333333334","0","ORBIT-5","6","379904","448528.92561983474","3","true","Mon Jun 08 2026 20:45:40 GMT+0530 (India Standard Time)"
"download","cached","lru-k","hot","6a26dc43826c803753297381","69cfffee616f420dbf6f354c","true","L1","140.25","0","ORBIT-5","12","876544","516525.63347083086","3","true","Mon Jun 08 2026 20:45:42 GMT+0530 (India Standard Time)"
"download","cached","lru-k","hot","6a26dc4c826c803753297b80","69cfffee616f420dbf6f354c","true","L1","139.75","0","ORBIT-5","8","556032","490760.81200353045","3","true","Mon Jun 08 2026 20:45:43 GMT+0530 (India Standard Time)"
"download","cached","lru-k","cold","6a26dc3e826c803753297067","69cfffee616f420dbf6f354c","false","STORAGE","142.5","0","ORBIT-5","10","729088","503166.32160110417","3","true","Mon Jun 08 2026 20:45:45 GMT+0530 (India Standard Time)"
"download","cached","lru-k","cold","6a26dc54826c803753298496","69cfffee616f420dbf6f354c","false","STORAGE","136.8","0","ORBIT-5","5","318464","454299.57203994296","3","true","Mon Jun 08 2026 20:45:45 GMT+0530 (India Standard Time)"
"download","cached","lru-k","hot","6a26dc46826c8037532975cc","69cfffee616f420dbf6f354c","true","L1","137","0","ORBIT-5","5","363520","517834.75783475785","3","true","Mon Jun 08 2026 20:45:46 GMT+0530 (India Standard Time)"
"download","cached","lru-k","hot","6a26dc5d826c803753298e60","69cfffee616f420dbf6f354c","true","L1","141.85714285714286","0","ORBIT-5","14","1033216","516091.90809190815","3","true","Mon Jun 08 2026 20:45:48 GMT+0530 (India Standard Time)"
"download","cached","lru-k","cold","6a26dc37826c803753296d3d","69cfffee616f420dbf6f354c","false","STORAGE","140.35714285714286","0","ORBIT-5","14","1035264","522596.6683493185","3","true","Mon Jun 08 2026 20:45:50 GMT+0530 (India Standard Time)"
"download","cached","lru-k","hot","6a26dc4e826c803753297c16","69cfffee616f420dbf6f354c","true","L1","134.85714285714286","0","ORBIT-5","7","479232","500764.8902821317","3","true","Mon Jun 08 2026 20:45:51 GMT+0530 (India Standard Time)"
"download","cached","lru-k","hot","6a26dc4e826c803753297bd3","69cfffee616f420dbf6f354c","true","L1","140.16666666666666","0","ORBIT-5","12","875520","514708.9947089947","3","true","Mon Jun 08 2026 20:45:53 GMT+0530 (India Standard Time)"
"download","cached","lru-k","hot","6a26dc4b826c8037532979f1","69cfffee616f420dbf6f354c","true","L1","136","0","ORBIT-5","13","1004544","563401.0095344925","3","true","Mon Jun 08 2026 20:45:55 GMT+0530 (India Standard Time)"
"download","cached","lru-k","hot","6a26dc3c826c803753296f7d","69cfffee616f420dbf6f354c","true","L1","136.2","0","ORBIT-5","5","352256","506843.16546762595","3","true","Mon Jun 08 2026 20:45:55 GMT+0530 (India Standard Time)"
"download","cached","lru-k","cold","6a26dc55826c8037532984da","69cfffee616f420dbf6f354c","false","STORAGE","136.66666666666666","0","ORBIT-5","9","605184","485701.44462279294","3","true","Mon Jun 08 2026 20:45:57 GMT+0530 (India Standard Time)"
"download","cached","lru-k","hot","6a26dc4f826c803753297ed4","69cfffee616f420dbf6f354c","true","L1","142.33333333333334","0","ORBIT-5","6","417792","480773.3026467204","3","true","Mon Jun 08 2026 20:45:58 GMT+0530 (India Standard Time)"
"download","cached","lru-k","cold","6a26dc58826c80375329878f","69cfffee616f420dbf6f354c","false","STORAGE","135.4","0","ORBIT-5","5","308224","443487.7697841727","3","true","Mon Jun 08 2026 20:45:58 GMT+0530 (India Standard Time)"
"download","cached","lru-k","cold","6a26dc5c826c803753298dd9","69cfffee616f420dbf6f354c","false","STORAGE","139.4","0","ORBIT-5","5","333824","461720.60857538035","3","true","Mon Jun 08 2026 20:45:59 GMT+0530 (India Standard Time)"
"download","cached","lru-k","hot","6a26dc5c826c803753298e09","69cfffee616f420dbf6f354c","true","L1","144","0","ORBIT-5","4","210944","353340.0335008375","3","true","Mon Jun 08 2026 20:46:00 GMT+0530 (India Standard Time)"
"download","cached","lru-k","hot","6a26dc54826c803753298496","69cfffee616f420dbf6f354c","true","L1","136","0","ORBIT-5","5","318464","459544.0115440116","3","true","Mon Jun 08 2026 20:46:00 GMT+0530 (India Standard Time)"
"download","cached","lru-k","hot","6a26dc56826c803753298536","69cfffee616f420dbf6f354c","true","L1","138.35714285714286","0","ORBIT-5","14","1014784","519868.85245901643","3","true","Mon Jun 08 2026 20:46:02 GMT+0530 (India Standard Time)"
"download","cached","lru-k","hot","6a26dc36826c803753296ce7","69cfffee616f420dbf6f354c","true","L1","140","0","ORBIT-5","3","210944","488296.2962962963","3","true","Mon Jun 08 2026 20:46:03 GMT+0530 (India Standard Time)"
"download","cached","lru-k","hot","6a26dc44826c8037532973d8","69cfffee616f420dbf6f354c","true","L1","137.58333333333334","0","ORBIT-5","12","885760","532627.7811184606","3","true","Mon Jun 08 2026 20:46:05 GMT+0530 (India Standard Time)"
"download","cached","lru-k","cold","6a26dc40826c803753297203","69cfffee616f420dbf6f354c","false","STORAGE","141.2","0","ORBIT-5","10","693248","485807.9887876664","3","true","Mon Jun 08 2026 20:46:06 GMT+0530 (India Standard Time)"
"download","cached","lru-k","hot","6a26dc39826c803753296e0a","69cfffee616f420dbf6f354c","true","L1","138.91666666666666","0","ORBIT-5","12","782336","465399.1671624033","3","true","Mon Jun 08 2026 20:46:08 GMT+0530 (India Standard Time)"
"download","cached","lru-k","hot","6a26dc58826c80375329878f","69cfffee616f420dbf6f354c","true","L1","140.8","0","ORBIT-5","5","308224","430480.44692737435","3","true","Mon Jun 08 2026 20:46:08 GMT+0530 (India Standard Time)"
"download","cached","lru-k","hot","6a26dc4f826c803753297c4c","69cfffee616f420dbf6f354c","true","L1","133.2","0","ORBIT-5","5","389120","573923.3038348082","3","true","Mon Jun 08 2026 20:46:09 GMT+0530 (India Standard Time)"
"download","cached","lru-k","hot","6a26dc50826c803753297f0d","69cfffee616f420dbf6f354c","true","L1","141.66666666666666","0","ORBIT-5","6","419840","484803.69515011547","3","true","Mon Jun 08 2026 20:46:10 GMT+0530 (India Standard Time)"
"download","cached","lru-k","cold","6a26dc41826c80375329725c","69cfffee616f420dbf6f354c","false","STORAGE","137.92307692307693","0","ORBIT-5","13","864256","477225.842076201","3","true","Mon Jun 08 2026 20:46:12 GMT+0530 (India Standard Time)"
"download","cached","lru-k","hot","6a26dc41826c80375329725c","69cfffee616f420dbf6f354c","true","L1","138.76923076923077","0","ORBIT-5","13","864256","476174.1046831956","3","true","Mon Jun 08 2026 20:46:14 GMT+0530 (India Standard Time)"
"download","cached","lru-k","hot","6a26dc5b826c803753298b9e","69cfffee616f420dbf6f354c","true","L1","137.66666666666666","0","ORBIT-5","12","832512","500608.5387853277","3","true","Mon Jun 08 2026 20:46:15 GMT+0530 (India Standard Time)"
"download","cached","lru-k","hot","6a26dc37826c803753296d3d","69cfffee616f420dbf6f354c","true","L1","141.42857142857142","0","ORBIT-5","14","1035264","519189.5687061184","3","true","Mon Jun 08 2026 20:46:17 GMT+0530 (India Standard Time)"
"download","cached","lru-k","hot","6a26dc5c826c803753298dd9","69cfffee616f420dbf6f354c","true","L1","142","0","ORBIT-5","5","333824","459812.6721763086","3","true","Mon Jun 08 2026 20:46:18 GMT+0530 (India Standard Time)"
"download","cached","lru-k","hot","6a26dc48826c80375329773b","69cfffee616f420dbf6f354c","true","L1","138.77777777777777","0","ORBIT-5","9","664576","525356.5217391305","3","true","Mon Jun 08 2026 20:46:20 GMT+0530 (India Standard Time)"
"download","cached","lru-k","cold","6a26dc42826c80375329732f","69cfffee616f420dbf6f354c","false","STORAGE","135.42857142857142","0","ORBIT-5","7","534528","554489.6265560166","3","true","Mon Jun 08 2026 20:46:21 GMT+0530 (India Standard Time)"
"download","cached","lru-k","hot","6a26dc40826c803753297203","69cfffee616f420dbf6f354c","true","L1","141.4","0","ORBIT-5","10","693248","486148.66760168306","3","true","Mon Jun 08 2026 20:46:22 GMT+0530 (India Standard Time)"
"download","cached","lru-k","hot","6a26dc59826c803753298b4b","69cfffee616f420dbf6f354c","true","L1","147","0","ORBIT-5","8","531456","431026.7639902676","3","true","Mon Jun 08 2026 20:46:23 GMT+0530 (India Standard Time)"
"download","cached","lru-k","hot","6a26dc55826c8037532984da","69cfffee616f420dbf6f354c","true","L1","144.11111111111111","0","ORBIT-5","9","605184","460566.21004566207","3","true","Mon Jun 08 2026 20:46:25 GMT+0530 (India Standard Time)"
"download","cached","lru-k","hot","6a26dc46826c8037532975f8","69cfffee616f420dbf6f354c","true","L1","144.66666666666666","0","ORBIT-5","3","174080","382593.4065934066","3","true","Mon Jun 08 2026 20:46:25 GMT+0530 (India Standard Time)"
"download","cached","lru-k","cold","6a26dc3f826c8037532970a8","69cfffee616f420dbf6f354c","false","STORAGE","142.71428571428572","0","ORBIT-5","7","509952","496545.2775073029","3","true","Mon Jun 08 2026 20:46:26 GMT+0530 (India Standard Time)"
"download","cached","lru-k","hot","6a26dc52826c803753298126","69cfffee616f420dbf6f354c","true","L1","140","0","ORBIT-5","4","276480","478339.1003460208","3","true","Mon Jun 08 2026 20:46:27 GMT+0530 (India Standard Time)"
"download","cached","lru-k","hot","6a26dc42826c80375329732f","69cfffee616f420dbf6f354c","true","L1","142.42857142857142","0","ORBIT-5","7","534528","522510.2639296188","3","true","Mon Jun 08 2026 20:46:28 GMT+0530 (India Standard Time)"
"download","cached","lru-k","hot","6a26dc38826c803753296db3","69cfffee616f420dbf6f354c","true","L1","178.08333333333334","0","ORBIT-5","12","874496","402252.06991720333","3","true","Mon Jun 08 2026 20:46:30 GMT+0530 (India Standard Time)"
"download","cached","lru-k","hot","6a26dc3c826c803753296f45","69cfffee616f420dbf6f354c","true","L1","146.11111111111111","0","ORBIT-5","9","604160","445874.53874538746","3","true","Mon Jun 08 2026 20:46:32 GMT+0530 (India Standard Time)"
"download","cached","lru-k","hot","6a26dc3f826c8037532970a8","69cfffee616f420dbf6f354c","true","L1","144.71428571428572","0","ORBIT-5","7","509952","492231.66023166024","3","true","Mon Jun 08 2026 20:46:33 GMT+0530 (India Standard Time)"
"download","cached","lru-k","hot","6a26dc3e826c803753297067","69cfffee616f420dbf6f354c","true","L1","142.8","0","ORBIT-5","10","729088","503166.32160110417","3","true","Mon Jun 08 2026 20:46:34 GMT+0530 (India Standard Time)"
"download","cached","lru-k","hot","6a26dc54826c803753298199","69cfffee616f420dbf6f354c","true","L1","140.375","0","ORBIT-5","8","656384","574264.2169728784","3","true","Mon Jun 08 2026 20:46:35 GMT+0530 (India Standard Time)"
"download","cached","lru-k","hot","6a26dc50826c803753297f4e","69cfffee616f420dbf6f354c","true","L1","142.625","0","ORBIT-5","8","520192","443849.8293515359","3","true","Mon Jun 08 2026 20:46:37 GMT+0530 (India Standard Time)"
"download","cached","lru-k","hot","6a26dc57826c803753298719","69cfffee616f420dbf6f354c","true","L1","141.85714285714286","0","ORBIT-5","14","1025024","510979.06281156535","3","true","Mon Jun 08 2026 20:46:39 GMT+0530 (India Standard Time)"
"delete","cached","lruk","hot","6a26dc36826c803753296ce7","69cfffee616f420dbf6f354c","true","L1","107","0","","3","210944","0","0","true","Mon Jun 08 2026 20:46:49 GMT+0530 (India Standard Time)"
"delete","cached","lruk","hot","6a26dc37826c803753296d3d","69cfffee616f420dbf6f354c","true","L1","299","0","","14","1035264","0","0","true","Mon Jun 08 2026 20:46:49 GMT+0530 (India Standard Time)"
"delete","cached","lruk","hot","6a26dc38826c803753296db3","69cfffee616f420dbf6f354c","true","L1","314","0","","12","874496","0","0","true","Mon Jun 08 2026 20:46:50 GMT+0530 (India Standard Time)"
"delete","cached","lruk","hot","6a26dc39826c803753296e0a","69cfffee616f420dbf6f354c","true","L1","560","0","","12","782336","0","0","true","Mon Jun 08 2026 20:46:50 GMT+0530 (India Standard Time)"
"delete","cached","lruk","hot","6a26dc3a826c803753296e4d","69cfffee616f420dbf6f354c","true","L1","204","0","","7","507904","0","0","true","Mon Jun 08 2026 20:46:51 GMT+0530 (India Standard Time)"
"delete","cached","lruk","hot","6a26dc3b826c803753296f01","69cfffee616f420dbf6f354c","true","L1","92","0","","5","318464","0","0","true","Mon Jun 08 2026 20:46:51 GMT+0530 (India Standard Time)"
"delete","cached","lruk","hot","6a26dc3c826c803753296f45","69cfffee616f420dbf6f354c","true","L1","159","0","","9","604160","0","0","true","Mon Jun 08 2026 20:46:51 GMT+0530 (India Standard Time)"
"delete","cached","lruk","hot","6a26dc3c826c803753296f7d","69cfffee616f420dbf6f354c","true","L1","111","0","","5","352256","0","0","true","Mon Jun 08 2026 20:46:51 GMT+0530 (India Standard Time)"
"delete","cached","lruk","hot","6a26dc3d826c80375329701a","69cfffee616f420dbf6f354c","true","L1","224","0","","10","716800","0","0","true","Mon Jun 08 2026 20:46:51 GMT+0530 (India Standard Time)"
"delete","cached","lruk","hot","6a26dc3e826c803753297067","69cfffee616f420dbf6f354c","true","L1","296","0","","10","729088","0","0","true","Mon Jun 08 2026 20:46:52 GMT+0530 (India Standard Time)"
"delete","cached","lruk","hot","6a26dc3f826c8037532970a8","69cfffee616f420dbf6f354c","true","L1","203","0","","7","509952","0","0","true","Mon Jun 08 2026 20:46:52 GMT+0530 (India Standard Time)"
"delete","cached","lruk","hot","6a26dc3f826c8037532970d2","69cfffee616f420dbf6f354c","true","L1","73","0","","2","133120","0","0","true","Mon Jun 08 2026 20:46:52 GMT+0530 (India Standard Time)"
"delete","cached","lruk","hot","6a26dc40826c803753297203","69cfffee616f420dbf6f354c","true","L1","199","0","","10","693248","0","0","true","Mon Jun 08 2026 20:46:52 GMT+0530 (India Standard Time)"
"delete","cached","lruk","hot","6a26dc41826c80375329725c","69cfffee616f420dbf6f354c","true","L1","276","0","","13","864256","0","0","true","Mon Jun 08 2026 20:46:52 GMT+0530 (India Standard Time)"
"delete","cached","lruk","hot","6a26dc42826c80375329732f","69cfffee616f420dbf6f354c","true","L1","168","0","","7","534528","0","0","true","Mon Jun 08 2026 20:46:53 GMT+0530 (India Standard Time)"
"delete","cached","lruk","hot","6a26dc43826c803753297381","69cfffee616f420dbf6f354c","true","L1","259","0","","12","876544","0","0","true","Mon Jun 08 2026 20:46:53 GMT+0530 (India Standard Time)"
"delete","cached","lruk","hot","6a26dc44826c8037532973d8","69cfffee616f420dbf6f354c","true","L1","240","0","","12","885760","0","0","true","Mon Jun 08 2026 20:46:53 GMT+0530 (India Standard Time)"
"delete","cached","lruk","hot","6a26dc46826c803753297591","69cfffee616f420dbf6f354c","true","L1","241","0","","12","875520","0","0","true","Mon Jun 08 2026 20:46:54 GMT+0530 (India Standard Time)"
"delete","cached","lruk","hot","6a26dc46826c8037532975cc","69cfffee616f420dbf6f354c","true","L1","110","0","","5","363520","0","0","true","Mon Jun 08 2026 20:46:54 GMT+0530 (India Standard Time)"
"delete","cached","lruk","hot","6a26dc46826c8037532975f8","69cfffee616f420dbf6f354c","true","L1","71","0","","3","174080","0","0","true","Mon Jun 08 2026 20:46:54 GMT+0530 (India Standard Time)"
"delete","cached","lruk","hot","6a26dc47826c8037532976f6","69cfffee616f420dbf6f354c","true","L1","134","0","","6","416768","0","0","true","Mon Jun 08 2026 20:46:54 GMT+0530 (India Standard Time)"
"delete","cached","lruk","hot","6a26dc48826c80375329773b","69cfffee616f420dbf6f354c","true","L1","183","0","","9","664576","0","0","true","Mon Jun 08 2026 20:46:54 GMT+0530 (India Standard Time)"
"delete","cached","lruk","hot","6a26dc49826c803753297793","69cfffee616f420dbf6f354c","true","L1","191","0","","13","941056","0","0","true","Mon Jun 08 2026 20:46:54 GMT+0530 (India Standard Time)"
"delete","cached","lruk","hot","6a26dc4a826c80375329799d","69cfffee616f420dbf6f354c","true","L1","102","0","","5","319488","0","0","true","Mon Jun 08 2026 20:46:55 GMT+0530 (India Standard Time)"
"delete","cached","lruk","hot","6a26dc4b826c8037532979f1","69cfffee616f420dbf6f354c","true","L1","253","0","","13","1004544","0","0","true","Mon Jun 08 2026 20:46:55 GMT+0530 (India Standard Time)"
"delete","cached","lruk","hot","6a26dc4c826c803753297a39","69cfffee616f420dbf6f354c","true","L1","170","0","","8","591872","0","0","true","Mon Jun 08 2026 20:46:55 GMT+0530 (India Standard Time)"
"delete","cached","lruk","hot","6a26dc4c826c803753297b80","69cfffee616f420dbf6f354c","true","L1","147","0","","8","556032","0","0","true","Mon Jun 08 2026 20:46:55 GMT+0530 (India Standard Time)"
"delete","cached","lruk","hot","6a26dc4e826c803753297bd3","69cfffee616f420dbf6f354c","true","L1","378","0","","12","875520","0","0","true","Mon Jun 08 2026 20:46:56 GMT+0530 (India Standard Time)"
"delete","cached","lruk","hot","6a26dc4e826c803753297c16","69cfffee616f420dbf6f354c","true","L1","247","0","","7","479232","0","0","true","Mon Jun 08 2026 20:46:56 GMT+0530 (India Standard Time)"
"delete","cached","lruk","hot","6a26dc4f826c803753297c4c","69cfffee616f420dbf6f354c","true","L1","136","0","","5","389120","0","0","true","Mon Jun 08 2026 20:46:56 GMT+0530 (India Standard Time)"
"delete","cached","lruk","hot","6a26dc4f826c803753297ed4","69cfffee616f420dbf6f354c","true","L1","115","0","","6","417792","0","0","true","Mon Jun 08 2026 20:46:56 GMT+0530 (India Standard Time)"
"delete","cached","lruk","hot","6a26dc50826c803753297f0d","69cfffee616f420dbf6f354c","true","L1","153","0","","6","419840","0","0","true","Mon Jun 08 2026 20:46:56 GMT+0530 (India Standard Time)"
"delete","cached","lruk","hot","6a26dc50826c803753297f4e","69cfffee616f420dbf6f354c","true","L1","179","0","","8","520192","0","0","true","Mon Jun 08 2026 20:46:57 GMT+0530 (India Standard Time)"
"delete","cached","lruk","hot","6a26dc52826c8037532980ec","69cfffee616f420dbf6f354c","true","L1","358","0","","15","1040384","0","0","true","Mon Jun 08 2026 20:46:57 GMT+0530 (India Standard Time)"
"delete","cached","lruk","hot","6a26dc52826c803753298126","69cfffee616f420dbf6f354c","true","L1","102","0","","4","276480","0","0","true","Mon Jun 08 2026 20:46:57 GMT+0530 (India Standard Time)"
"delete","cached","lruk","hot","6a26dc53826c803753298159","69cfffee616f420dbf6f354c","true","L1","109","0","","5","343040","0","0","true","Mon Jun 08 2026 20:46:57 GMT+0530 (India Standard Time)"
"delete","cached","lruk","hot","6a26dc54826c803753298199","69cfffee616f420dbf6f354c","true","L1","183","0","","8","656384","0","0","true","Mon Jun 08 2026 20:46:58 GMT+0530 (India Standard Time)"
"delete","cached","lruk","hot","6a26dc54826c803753298496","69cfffee616f420dbf6f354c","true","L1","120","0","","5","318464","0","0","true","Mon Jun 08 2026 20:46:58 GMT+0530 (India Standard Time)"
"delete","cached","lruk","hot","6a26dc55826c8037532984da","69cfffee616f420dbf6f354c","true","L1","204","0","","9","605184","0","0","true","Mon Jun 08 2026 20:46:58 GMT+0530 (India Standard Time)"
"delete","cached","lruk","hot","6a26dc56826c803753298536","69cfffee616f420dbf6f354c","true","L1","308","0","","14","1014784","0","0","true","Mon Jun 08 2026 20:46:58 GMT+0530 (India Standard Time)"
"delete","cached","lruk","hot","6a26dc57826c803753298719","69cfffee616f420dbf6f354c","true","L1","294","0","","14","1025024","0","0","true","Mon Jun 08 2026 20:46:59 GMT+0530 (India Standard Time)"
"delete","cached","lruk","hot","6a26dc58826c80375329875a","69cfffee616f420dbf6f354c","true","L1","137","0","","6","379904","0","0","true","Mon Jun 08 2026 20:46:59 GMT+0530 (India Standard Time)"
"delete","cached","lruk","hot","6a26dc58826c80375329878f","69cfffee616f420dbf6f354c","true","L1","122","0","","5","308224","0","0","true","Mon Jun 08 2026 20:46:59 GMT+0530 (India Standard Time)"
"delete","cached","lruk","hot","6a26dc59826c8037532987c3","69cfffee616f420dbf6f354c","true","L1","139","0","","5","307200","0","0","true","Mon Jun 08 2026 20:46:59 GMT+0530 (India Standard Time)"
"delete","cached","lruk","hot","6a26dc59826c803753298b4b","69cfffee616f420dbf6f354c","true","L1","175","0","","8","531456","0","0","true","Mon Jun 08 2026 20:46:59 GMT+0530 (India Standard Time)"
"delete","cached","lruk","hot","6a26dc5b826c803753298b9e","69cfffee616f420dbf6f354c","true","L1","241","0","","12","832512","0","0","true","Mon Jun 08 2026 20:47:00 GMT+0530 (India Standard Time)"
"delete","cached","lruk","hot","6a26dc5b826c803753298be1","69cfffee616f420dbf6f354c","true","L1","153","0","","7","491520","0","0","true","Mon Jun 08 2026 20:47:00 GMT+0530 (India Standard Time)"
"delete","cached","lruk","hot","6a26dc5c826c803753298dd9","69cfffee616f420dbf6f354c","true","L1","110","0","","5","333824","0","0","true","Mon Jun 08 2026 20:47:00 GMT+0530 (India Standard Time)"
"delete","cached","lruk","hot","6a26dc5c826c803753298e09","69cfffee616f420dbf6f354c","true","L1","97","0","","4","210944","0","0","true","Mon Jun 08 2026 20:47:00 GMT+0530 (India Standard Time)"
"delete","cached","lruk","hot","6a26dc5d826c803753298e60","69cfffee616f420dbf6f354c","true","L1","282","0","","14","1033216","0","0","true","Mon Jun 08 2026 20:47:00 GMT+0530 (India Standard Time)"
"upload","cached","lruk","cold","6a26de6d826c8037532aa6c0","69cfffee616f420dbf6f354c","false","STORAGE","685","0","","8","538624","786312.408759124","3","true","Mon Jun 08 2026 20:53:25 GMT+0530 (India Standard Time)"
"upload","cached","lruk","cold","6a26de6e826c8037532aa6ef","69cfffee616f420dbf6f354c","false","STORAGE","279","0","","3","188416","675326.1648745519","3","true","Mon Jun 08 2026 20:53:26 GMT+0530 (India Standard Time)"
"upload","cached","lruk","cold","6a26de6e826c8037532aa719","69cfffee616f420dbf6f354c","false","STORAGE","313","0","","3","175104","559437.6996805111","3","true","Mon Jun 08 2026 20:53:26 GMT+0530 (India Standard Time)"
"upload","cached","lruk","cold","6a26de6f826c8037532aa757","69cfffee616f420dbf6f354c","false","STORAGE","703","0","","8","584704","831726.8847795164","3","true","Mon Jun 08 2026 20:53:27 GMT+0530 (India Standard Time)"
"upload","cached","lruk","cold","6a26de70826c8037532aa816","69cfffee616f420dbf6f354c","false","STORAGE","1299","0","","12","867328","667688.9915319477","3","true","Mon Jun 08 2026 20:53:28 GMT+0530 (India Standard Time)"
"upload","cached","lruk","cold","6a26de71826c8037532aa871","69cfffee616f420dbf6f354c","false","STORAGE","1368","0","","13","947200","692397.6608187134","3","true","Mon Jun 08 2026 20:53:29 GMT+0530 (India Standard Time)"
"upload","cached","lruk","cold","6a26de73826c8037532aa8cd","69cfffee616f420dbf6f354c","false","STORAGE","1251","0","","13","896000","716227.0183852918","3","true","Mon Jun 08 2026 20:53:31 GMT+0530 (India Standard Time)"
"upload","cached","lruk","cold","6a26de73826c8037532aa915","69cfffee616f420dbf6f354c","false","STORAGE","580","0","","8","614400","1059310.3448275863","3","true","Mon Jun 08 2026 20:53:31 GMT+0530 (India Standard Time)"
"upload","cached","lruk","cold","6a26de74826c8037532aa950","69cfffee616f420dbf6f354c","false","STORAGE","455","0","","6","453632","996993.4065934066","3","true","Mon Jun 08 2026 20:53:32 GMT+0530 (India Standard Time)"
"upload","cached","lruk","cold","6a26de74826c8037532aa979","69cfffee616f420dbf6f354c","false","STORAGE","221","0","","2","112640","509683.25791855203","3","true","Mon Jun 08 2026 20:53:32 GMT+0530 (India Standard Time)"
"upload","cached","lruk","cold","6a26de75826c8037532aaade","69cfffee616f420dbf6f354c","false","STORAGE","892","0","","10","708608","794403.5874439462","3","true","Mon Jun 08 2026 20:53:33 GMT+0530 (India Standard Time)"
"upload","cached","lruk","cold","6a26de76826c8037532aab2f","69cfffee616f420dbf6f354c","false","STORAGE","1007","0","","11","773120","767745.7795431977","3","true","Mon Jun 08 2026 20:53:34 GMT+0530 (India Standard Time)"
"upload","cached","lruk","cold","6a26de76826c8037532aab69","69cfffee616f420dbf6f354c","false","STORAGE","170","0","","5","342016","2011858.8235294116","3","true","Mon Jun 08 2026 20:53:34 GMT+0530 (India Standard Time)"
"upload","cached","lruk","cold","6a26de76826c8037532aab95","69cfffee616f420dbf6f354c","false","STORAGE","249","0","","3","247808","995212.8514056224","3","true","Mon Jun 08 2026 20:53:34 GMT+0530 (India Standard Time)"
"upload","cached","lruk","cold","6a26de77826c8037532aabd3","69cfffee616f420dbf6f354c","false","STORAGE","771","0","","8","585728","759699.0920881971","3","true","Mon Jun 08 2026 20:53:35 GMT+0530 (India Standard Time)"
"upload","cached","lruk","cold","6a26de78826c8037532aac1a","69cfffee616f420dbf6f354c","false","STORAGE","976","0","","9","595968","610622.9508196722","3","true","Mon Jun 08 2026 20:53:36 GMT+0530 (India Standard Time)"
"upload","cached","lruk","cold","6a26de79826c8037532aac62","69cfffee616f420dbf6f354c","false","STORAGE","728","0","","9","611328","839736.2637362637","3","true","Mon Jun 08 2026 20:53:37 GMT+0530 (India Standard Time)"
"upload","cached","lruk","cold","6a26de7b826c8037532aae9c","69cfffee616f420dbf6f354c","false","STORAGE","1531","0","","15","1034240","675532.331809275","3","true","Mon Jun 08 2026 20:53:39 GMT+0530 (India Standard Time)"
"upload","cached","lruk","cold","6a26de7b826c8037532aaeea","69cfffee616f420dbf6f354c","false","STORAGE","883","0","","9","621568","703927.5198187996","3","true","Mon Jun 08 2026 20:53:39 GMT+0530 (India Standard Time)"
"upload","cached","lruk","cold","6a26de7c826c8037532aaf32","69cfffee616f420dbf6f354c","false","STORAGE","784","0","","9","637952","813714.2857142857","3","true","Mon Jun 08 2026 20:53:40 GMT+0530 (India Standard Time)"
"download","cached","lru-k","cold","6a26de75826c8037532aaade","69cfffee616f420dbf6f354c","false","STORAGE","137.1","0","ORBIT-5","10","708608","506510.36454610433","3","true","Mon Jun 08 2026 20:53:42 GMT+0530 (India Standard Time)"
"download","cached","lru-k","cold","6a26de74826c8037532aa950","69cfffee616f420dbf6f354c","false","STORAGE","140.33333333333334","0","ORBIT-5","6","453632","527479.0697674418","3","true","Mon Jun 08 2026 20:53:43 GMT+0530 (India Standard Time)"
"download","cached","lru-k","cold","6a26de71826c8037532aa871","69cfffee616f420dbf6f354c","false","STORAGE","137.69230769230768","0","ORBIT-5","13","947200","519868.2766190999","3","true","Mon Jun 08 2026 20:53:45 GMT+0530 (India Standard Time)"
"download","cached","lru-k","cold","6a26de6f826c8037532aa757","69cfffee616f420dbf6f354c","false","STORAGE","140","0","ORBIT-5","8","584704","513348.55136084283","3","true","Mon Jun 08 2026 20:53:46 GMT+0530 (India Standard Time)"
"download","cached","lru-k","hot","6a26de6f826c8037532aa757","69cfffee616f420dbf6f354c","true","L1","138.125","0","ORBIT-5","8","584704","522523.6818588025","3","true","Mon Jun 08 2026 20:53:47 GMT+0530 (India Standard Time)"
"download","cached","lru-k","cold","6a26de77826c8037532aabd3","69cfffee616f420dbf6f354c","false","STORAGE","133.875","0","ORBIT-5","8","585728","534423.3576642335","3","true","Mon Jun 08 2026 20:53:48 GMT+0530 (India Standard Time)"
"download","cached","lru-k","cold","6a26de7c826c8037532aaf32","69cfffee616f420dbf6f354c","false","STORAGE","138.55555555555554","0","ORBIT-5","9","637952","504708.86075949366","3","true","Mon Jun 08 2026 20:53:49 GMT+0530 (India Standard Time)"
"download","cached","lru-k","cold","6a26de6d826c8037532aa6c0","69cfffee616f420dbf6f354c","false","STORAGE","136.75","0","ORBIT-5","8","538624","480914.2857142857","3","true","Mon Jun 08 2026 20:53:50 GMT+0530 (India Standard Time)"
"download","cached","lru-k","hot","6a26de77826c8037532aabd3","69cfffee616f420dbf6f354c","true","L1","136.625","0","ORBIT-5","8","585728","528158.7015329126","3","true","Mon Jun 08 2026 20:53:52 GMT+0530 (India Standard Time)"
"download","cached","lru-k","cold","6a26de76826c8037532aab2f","69cfffee616f420dbf6f354c","false","STORAGE","137.27272727272728","0","ORBIT-5","11","773120","505968.58638743457","3","true","Mon Jun 08 2026 20:53:53 GMT+0530 (India Standard Time)"
"download","cached","lru-k","cold","6a26de7b826c8037532aae9c","69cfffee616f420dbf6f354c","false","STORAGE","137.8","0","ORBIT-5","15","1034240","496753.12199807883","3","true","Mon Jun 08 2026 20:53:55 GMT+0530 (India Standard Time)"
"download","cached","lru-k","cold","6a26de76826c8037532aab95","69cfffee616f420dbf6f354c","false","STORAGE","133.33333333333334","0","ORBIT-5","3","247808","590019.0476190477","3","true","Mon Jun 08 2026 20:53:56 GMT+0530 (India Standard Time)"
"download","cached","lru-k","cold","6a26de73826c8037532aa915","69cfffee616f420dbf6f354c","false","STORAGE","135.375","0","ORBIT-5","8","614400","558545.4545454545","3","true","Mon Jun 08 2026 20:53:57 GMT+0530 (India Standard Time)"
"download","cached","lru-k","cold","6a26de73826c8037532aa8cd","69cfffee616f420dbf6f354c","false","STORAGE","135.07692307692307","0","ORBIT-5","13","896000","505073.2807215332","3","true","Mon Jun 08 2026 20:53:59 GMT+0530 (India Standard Time)"
"download","cached","lru-k","hot","6a26de7b826c8037532aae9c","69cfffee616f420dbf6f354c","true","L1","136.33333333333334","0","ORBIT-5","15","1034240","500842.61501210654","3","true","Mon Jun 08 2026 20:54:01 GMT+0530 (India Standard Time)"
"download","cached","lru-k","hot","6a26de74826c8037532aa950","69cfffee616f420dbf6f354c","true","L1","138.66666666666666","0","ORBIT-5","6","453632","536842.6035502959","3","true","Mon Jun 08 2026 20:54:02 GMT+0530 (India Standard Time)"
"download","cached","lru-k","cold","6a26de74826c8037532aa979","69cfffee616f420dbf6f354c","false","STORAGE","130","0","ORBIT-5","2","112640","409599.99999999994","3","true","Mon Jun 08 2026 20:54:02 GMT+0530 (India Standard Time)"
"download","cached","lru-k","hot","6a26de73826c8037532aa915","69cfffee616f420dbf6f354c","true","L1","136.875","0","ORBIT-5","8","614400","552517.9856115107","3","true","Mon Jun 08 2026 20:54:03 GMT+0530 (India Standard Time)"
"download","cached","lru-k","cold","6a26de6e826c8037532aa719","69cfffee616f420dbf6f354c","false","STORAGE","137.66666666666666","0","ORBIT-5","3","175104","409121.49532710284","3","true","Mon Jun 08 2026 20:54:03 GMT+0530 (India Standard Time)"
"download","cached","lru-k","cold","6a26de76826c8037532aab69","69cfffee616f420dbf6f354c","false","STORAGE","137.4","0","ORBIT-5","5","342016","487202.2792022792","3","true","Mon Jun 08 2026 20:54:04 GMT+0530 (India Standard Time)"
"download","cached","lru-k","hot","6a26de71826c8037532aa871","69cfffee616f420dbf6f354c","true","L1","136.23076923076923","0","ORBIT-5","13","947200","529457.7976523198","3","true","Mon Jun 08 2026 20:54:06 GMT+0530 (India Standard Time)"
"download","cached","lru-k","cold","6a26de78826c8037532aac1a","69cfffee616f420dbf6f354c","false","STORAGE","136.88888888888889","0","ORBIT-5","9","595968","474874.90039840643","3","true","Mon Jun 08 2026 20:54:07 GMT+0530 (India Standard Time)"
"download","cached","lru-k","hot","6a26de6e826c8037532aa719","69cfffee616f420dbf6f354c","true","L1","132","0","ORBIT-5","3","175104","428127.1393643032","3","true","Mon Jun 08 2026 20:54:08 GMT+0530 (India Standard Time)"
"download","cached","lru-k","hot","6a26de73826c8037532aa8cd","69cfffee616f420dbf6f354c","true","L1","141","0","ORBIT-5","13","896000","484324.3243243243","3","true","Mon Jun 08 2026 20:54:10 GMT+0530 (India Standard Time)"
"download","cached","lru-k","cold","6a26de6e826c8037532aa6ef","69cfffee616f420dbf6f354c","false","STORAGE","140","0","ORBIT-5","3","188416","401739.8720682303","3","true","Mon Jun 08 2026 20:54:10 GMT+0530 (India Standard Time)"
"download","cached","lru-k","hot","6a26de6d826c8037532aa6c0","69cfffee616f420dbf6f354c","true","L1","141.75","0","ORBIT-5","8","538624","466341.12554112554","3","true","Mon Jun 08 2026 20:54:11 GMT+0530 (India Standard Time)"
"download","cached","lru-k","hot","6a26de76826c8037532aab95","69cfffee616f420dbf6f354c","true","L1","138.33333333333334","0","ORBIT-5","3","247808","547037.527593819","3","true","Mon Jun 08 2026 20:54:12 GMT+0530 (India Standard Time)"
"download","cached","lru-k","hot","6a26de76826c8037532aab69","69cfffee616f420dbf6f354c","true","L1","139.6","0","ORBIT-5","5","342016","473706.3711911357","3","true","Mon Jun 08 2026 20:54:13 GMT+0530 (India Standard Time)"
"download","cached","lru-k","hot","6a26de6e826c8037532aa6ef","69cfffee616f420dbf6f354c","true","L1","143.33333333333334","0","ORBIT-5","3","188416","408711.49674620386","3","true","Mon Jun 08 2026 20:54:13 GMT+0530 (India Standard Time)"
"download","cached","lru-k","hot","6a26de74826c8037532aa979","69cfffee616f420dbf6f354c","true","L1","140.5","0","ORBIT-5","2","112640","374219.26910299005","3","true","Mon Jun 08 2026 20:54:13 GMT+0530 (India Standard Time)"
"download","cached","lru-k","hot","6a26de7c826c8037532aaf32","69cfffee616f420dbf6f354c","true","L1","141.77777777777777","0","ORBIT-5","9","637952","491488.4437596302","3","true","Mon Jun 08 2026 20:54:15 GMT+0530 (India Standard Time)"
"download","cached","lru-k","hot","6a26de78826c8037532aac1a","69cfffee616f420dbf6f354c","true","L1","145","0","ORBIT-5","9","595968","448096.24060150376","3","true","Mon Jun 08 2026 20:54:16 GMT+0530 (India Standard Time)"
"download","cached","lru-k","hot","6a26de76826c8037532aab2f","69cfffee616f420dbf6f354c","true","L1","142.9090909090909","0","ORBIT-5","11","773120","483804.7559449311","3","true","Mon Jun 08 2026 20:54:18 GMT+0530 (India Standard Time)"
"download","cached","lru-k","cold","6a26de70826c8037532aa816","69cfffee616f420dbf6f354c","false","STORAGE","147.41666666666666","0","ORBIT-5","12","867328","478657.8366445916","3","true","Mon Jun 08 2026 20:54:20 GMT+0530 (India Standard Time)"
"download","cached","lru-k","cold","6a26de79826c8037532aac62","69cfffee616f420dbf6f354c","false","STORAGE","145.22222222222223","0","ORBIT-5","9","611328","454518.9591078067","3","true","Mon Jun 08 2026 20:54:21 GMT+0530 (India Standard Time)"
"download","cached","lru-k","cold","6a26de7b826c8037532aaeea","69cfffee616f420dbf6f354c","false","STORAGE","141.77777777777777","0","ORBIT-5","9","621568","467696.0120391272","3","true","Mon Jun 08 2026 20:54:22 GMT+0530 (India Standard Time)"
"download","cached","lru-k","hot","6a26de70826c8037532aa816","69cfffee616f420dbf6f354c","true","L1","142.33333333333334","0","ORBIT-5","12","867328","496467.0864338866","3","true","Mon Jun 08 2026 20:54:24 GMT+0530 (India Standard Time)"
"download","cached","lru-k","hot","6a26de75826c8037532aaade","69cfffee616f420dbf6f354c","true","L1","136.3","0","ORBIT-5","10","708608","514976.74418604653","3","true","Mon Jun 08 2026 20:54:26 GMT+0530 (India Standard Time)"
"download","cached","lru-k","hot","6a26de7b826c8037532aaeea","69cfffee616f420dbf6f354c","true","L1","137.44444444444446","0","ORBIT-5","9","621568","496856.9144684253","3","true","Mon Jun 08 2026 20:54:27 GMT+0530 (India Standard Time)"
"download","cached","lru-k","hot","6a26de79826c8037532aac62","69cfffee616f420dbf6f354c","true","L1","134.33333333333334","0","ORBIT-5","9","611328","500268.41243862524","3","true","Mon Jun 08 2026 20:54:28 GMT+0530 (India Standard Time)"
"delete","cached","lruk","hot","6a26de6d826c8037532aa6c0","69cfffee616f420dbf6f354c","true","L1","141","0","","8","538624","0","0","true","Mon Jun 08 2026 20:54:38 GMT+0530 (India Standard Time)"
"delete","cached","lruk","hot","6a26de6e826c8037532aa6ef","69cfffee616f420dbf6f354c","true","L1","38","0","","3","188416","0","0","true","Mon Jun 08 2026 20:54:39 GMT+0530 (India Standard Time)"
"delete","cached","lruk","hot","6a26de6e826c8037532aa719","69cfffee616f420dbf6f354c","true","L1","37","0","","3","175104","0","0","true","Mon Jun 08 2026 20:54:39 GMT+0530 (India Standard Time)"
"delete","cached","lruk","hot","6a26de6f826c8037532aa757","69cfffee616f420dbf6f354c","true","L1","86","0","","8","584704","0","0","true","Mon Jun 08 2026 20:54:39 GMT+0530 (India Standard Time)"
"delete","cached","lruk","hot","6a26de70826c8037532aa816","69cfffee616f420dbf6f354c","true","L1","124","0","","12","867328","0","0","true","Mon Jun 08 2026 20:54:39 GMT+0530 (India Standard Time)"
"delete","cached","lruk","hot","6a26de71826c8037532aa871","69cfffee616f420dbf6f354c","true","L1","133","0","","13","947200","0","0","true","Mon Jun 08 2026 20:54:39 GMT+0530 (India Standard Time)"
"delete","cached","lruk","hot","6a26de73826c8037532aa8cd","69cfffee616f420dbf6f354c","true","L1","133","0","","13","896000","0","0","true","Mon Jun 08 2026 20:54:39 GMT+0530 (India Standard Time)"
"delete","cached","lruk","hot","6a26de73826c8037532aa915","69cfffee616f420dbf6f354c","true","L1","84","0","","8","614400","0","0","true","Mon Jun 08 2026 20:54:39 GMT+0530 (India Standard Time)"
"delete","cached","lruk","hot","6a26de74826c8037532aa950","69cfffee616f420dbf6f354c","true","L1","65","0","","6","453632","0","0","true","Mon Jun 08 2026 20:54:39 GMT+0530 (India Standard Time)"
"delete","cached","lruk","hot","6a26de74826c8037532aa979","69cfffee616f420dbf6f354c","true","L1","30","0","","2","112640","0","0","true","Mon Jun 08 2026 20:54:39 GMT+0530 (India Standard Time)"
"delete","cached","lruk","hot","6a26de75826c8037532aaade","69cfffee616f420dbf6f354c","true","L1","103","0","","10","708608","0","0","true","Mon Jun 08 2026 20:54:39 GMT+0530 (India Standard Time)"
"delete","cached","lruk","hot","6a26de76826c8037532aab2f","69cfffee616f420dbf6f354c","true","L1","114","0","","11","773120","0","0","true","Mon Jun 08 2026 20:54:40 GMT+0530 (India Standard Time)"
"delete","cached","lruk","hot","6a26de76826c8037532aab69","69cfffee616f420dbf6f354c","true","L1","59","0","","5","342016","0","0","true","Mon Jun 08 2026 20:54:40 GMT+0530 (India Standard Time)"
"delete","cached","lruk","hot","6a26de76826c8037532aab95","69cfffee616f420dbf6f354c","true","L1","37","0","","3","247808","0","0","true","Mon Jun 08 2026 20:54:40 GMT+0530 (India Standard Time)"
"delete","cached","lruk","hot","6a26de77826c8037532aabd3","69cfffee616f420dbf6f354c","true","L1","82","0","","8","585728","0","0","true","Mon Jun 08 2026 20:54:40 GMT+0530 (India Standard Time)"
"delete","cached","lruk","hot","6a26de78826c8037532aac1a","69cfffee616f420dbf6f354c","true","L1","94","0","","9","595968","0","0","true","Mon Jun 08 2026 20:54:40 GMT+0530 (India Standard Time)"
"delete","cached","lruk","hot","6a26de79826c8037532aac62","69cfffee616f420dbf6f354c","true","L1","99","0","","9","611328","0","0","true","Mon Jun 08 2026 20:54:40 GMT+0530 (India Standard Time)"
"delete","cached","lruk","hot","6a26de7b826c8037532aae9c","69cfffee616f420dbf6f354c","true","L1","150","0","","15","1034240","0","0","true","Mon Jun 08 2026 20:54:40 GMT+0530 (India Standard Time)"
"delete","cached","lruk","hot","6a26de7b826c8037532aaeea","69cfffee616f420dbf6f354c","true","L1","127","0","","9","621568","0","0","true","Mon Jun 08 2026 20:54:40 GMT+0530 (India Standard Time)"
"delete","cached","lruk","hot","6a26de7c826c8037532aaf32","69cfffee616f420dbf6f354c","true","L1","99","0","","9","637952","0","0","true","Mon Jun 08 2026 20:54:40 GMT+0530 (India Standard Time)"